Timestamp,Class,Confidence,Restricted Area Violation
2025-02-05 11:08:01,person,0.8497611284255981,Yes
2025-02-05 11:08:03,person,0.8520737290382385,Yes
2025-02-06 07:29:12,person,0.83421790599823,Yes
2025-02-06 07:29:14,person,0.8263793587684631,Yes
2025-02-06 07:29:16,person,0.7972186207771301,Yes
2025-02-06 07:29:18,person,0.8228918313980103,Yes
2025-02-06 07:29:20,person,0.7872987389564514,Yes
2025-02-06 07:42:58,person,0.8467214107513428,Yes
2025-02-06 07:43:00,person,0.7985122203826904,Yes
2025-02-06 07:43:03,person,0.8142217993736267,Yes
2025-02-06 07:43:05,person,0.8247408866882324,Yes
2025-02-06 07:43:07,person,0.814414381980896,Yes
2025-02-06 07:43:09,person,0.8138629198074341,Yes
2025-02-06 07:43:11,person,0.8193235397338867,Yes
2025-02-06 07:43:13,person,0.8812813758850098,Yes
2025-02-06 07:43:15,person,0.7705543041229248,Yes
2025-02-06 07:43:17,person,0.8255653977394104,Yes
2025-02-06 07:43:19,person,0.7684829235076904,Yes
2025-02-06 07:43:21,person,0.8045961856842041,Yes
2025-02-06 07:43:23,person,0.8145350217819214,Yes
2025-02-06 07:43:25,person,0.7992455363273621,Yes
2025-02-06 07:43:28,person,0.793578565120697,Yes
2025-02-06 07:43:30,person,0.7778505682945251,Yes
2025-02-06 07:43:32,person,0.8427488207817078,Yes
2025-02-06 07:43:34,person,0.81672602891922,Yes
2025-02-06 07:43:36,person,0.844976544380188,Yes
2025-02-06 07:43:38,person,0.8865888118743896,Yes
2025-02-06 07:43:40,person,0.8521791100502014,Yes
2025-02-06 07:43:42,person,0.864017903804779,Yes
2025-02-06 07:43:44,person,0.8778252005577087,Yes
2025-02-06 07:43:46,person,0.8876146078109741,Yes
2025-02-06 07:43:48,person,0.8584750890731812,Yes
2025-02-06 07:43:50,person,0.8210167288780212,Yes
2025-02-06 07:43:52,person,0.8824251890182495,Yes
2025-02-06 07:43:55,person,0.8603346943855286,Yes
2025-02-06 07:43:57,person,0.8636060357093811,Yes
2025-02-06 07:43:59,person,0.864295482635498,Yes
2025-02-06 08:25:21,cell phone,0.8746681213378906,Yes
2025-02-06 08:25:23,cell phone,0.8459277749061584,Yes
2025-02-06 08:25:25,cell phone,0.907062828540802,Yes
2025-02-06 08:25:27,cell phone,0.8106028437614441,Yes
2025-02-06 08:25:30,cell phone,0.8375855684280396,Yes
2025-02-06 08:25:33,cell phone,0.8572677969932556,Yes
2025-02-06 08:25:35,cell phone,0.9492977261543274,Yes
2025-02-06 08:25:37,cell phone,0.9325413107872009,Yes
2025-02-06 08:25:40,cell phone,0.8832474946975708,Yes
2025-02-06 08:25:42,cell phone,0.5310665369033813,Yes
2025-02-06 08:25:45,cell phone,0.804802417755127,Yes
2025-02-06 08:28:45,cell phone,0.8147880434989929,Yes
2025-02-06 08:28:48,cell phone,0.8896746635437012,Yes
2025-02-06 08:28:50,cell phone,0.8009016513824463,Yes
2025-02-06 08:28:52,cell phone,0.8373513221740723,Yes
2025-02-06 08:28:54,cell phone,0.4147214889526367,Yes
2025-02-06 08:28:57,cell phone,0.6387251615524292,Yes
2025-02-06 08:28:59,cell phone,0.8444369435310364,Yes
2025-02-06 08:29:21,person,0.818716287612915,Yes
2025-02-06 08:29:23,person,0.782284140586853,Yes
2025-02-06 08:29:25,person,0.8131280541419983,Yes
2025-02-06 08:29:27,person,0.5733847618103027,Yes
2025-02-06 08:29:30,person,0.7994364500045776,Yes
2025-02-06 08:33:51,cell phone,0.8636882305145264,Yes
2025-02-06 08:33:53,cell phone,0.8339446783065796,Yes
2025-02-06 08:33:55,cell phone,0.6932553052902222,Yes
2025-02-06 08:33:58,cell phone,0.7674741744995117,Yes
2025-02-06 08:34:00,cell phone,0.8374552726745605,Yes
2025-02-06 08:35:53,cell phone,0.47813352942466736,Yes
2025-02-06 08:35:55,cell phone,0.6899102926254272,Yes
2025-02-06 08:36:01,cell phone,0.6948693990707397,Yes
2025-02-06 09:19:33,cell phone,0.4204561114311218,Yes
2025-02-06 09:19:35,cell phone,0.7287776470184326,Yes
2025-02-06 09:48:43,cell phone,0.4472517967224121,Yes
2025-02-06 09:48:49,cell phone,0.5525205135345459,Yes
2025-02-06 09:48:52,cell phone,0.45717594027519226,Yes
2025-02-06 09:48:58,cell phone,0.5139437913894653,Yes
2025-02-06 09:49:08,cell phone,0.44439080357551575,Yes
2025-02-06 09:49:12,cell phone,0.4366653263568878,Yes
2025-02-06 09:49:16,cell phone,0.506849467754364,Yes
2025-02-06 09:49:19,cell phone,0.40688595175743103,Yes
2025-02-06 09:49:22,cell phone,0.43745890259742737,Yes
2025-02-06 09:49:28,cell phone,0.41183969378471375,Yes
2025-02-06 09:49:31,cell phone,0.5853986740112305,Yes
2025-02-06 10:03:38,person,0.8782562017440796,Yes
2025-02-06 10:03:40,person,0.8770294785499573,Yes
2025-02-06 10:03:43,person,0.8529236316680908,Yes
2025-02-06 10:03:45,person,0.8621732592582703,Yes
2025-02-06 10:03:47,person,0.8843197822570801,Yes
2025-02-06 10:03:49,person,0.8688640594482422,Yes
2025-02-06 10:03:51,person,0.855340301990509,Yes
2025-02-06 10:03:53,person,0.8673854470252991,Yes
2025-02-06 10:03:55,person,0.8626135587692261,Yes
2025-02-06 10:03:57,person,0.8921245336532593,Yes
2025-02-06 10:04:00,person,0.8478954434394836,Yes
2025-02-06 10:04:02,person,0.8750982880592346,Yes
2025-02-06 10:04:04,person,0.882963240146637,Yes
2025-02-06 10:04:06,person,0.8664233684539795,Yes
2025-02-06 10:04:08,person,0.846734344959259,Yes
2025-02-06 10:04:10,person,0.8580291867256165,Yes
2025-02-06 10:04:12,person,0.8507295846939087,Yes
2025-02-06 10:04:14,person,0.8542293310165405,Yes
2025-02-06 10:04:17,person,0.8795111775398254,Yes
2025-02-06 10:04:19,person,0.8666085004806519,Yes
2025-02-06 10:04:21,person,0.8411540985107422,Yes
2025-02-06 10:04:23,person,0.8584237694740295,Yes
2025-02-06 10:04:25,person,0.8288909196853638,Yes
2025-02-06 10:04:27,person,0.8560739755630493,Yes
2025-02-06 10:04:29,person,0.8856395483016968,Yes
2025-02-06 10:04:31,person,0.8822005987167358,Yes
2025-02-06 10:04:34,person,0.8369627594947815,Yes
2025-02-06 10:04:36,person,0.8491005897521973,Yes
2025-02-06 10:04:38,person,0.8955731391906738,Yes
2025-02-06 10:04:40,person,0.894798994064331,Yes
2025-02-06 10:04:43,person,0.8828704953193665,Yes
2025-02-06 10:04:45,person,0.9051743149757385,Yes
2025-02-06 10:04:47,person,0.8587626218795776,Yes
2025-02-06 10:04:49,person,0.8479025959968567,Yes
2025-02-06 10:04:52,person,0.8714969754219055,Yes
2025-02-06 10:04:54,person,0.8726015090942383,Yes
2025-02-06 10:04:56,person,0.8639888763427734,Yes
2025-02-06 10:04:58,person,0.8849145770072937,Yes
2025-02-06 10:05:00,person,0.8744141459465027,Yes
2025-02-06 10:05:02,person,0.8815516829490662,Yes
2025-02-06 10:05:04,person,0.8761777281761169,Yes
2025-02-06 10:05:06,person,0.8990674018859863,Yes
2025-02-06 10:05:09,person,0.848466694355011,Yes
2025-02-06 10:05:11,person,0.8205652832984924,Yes
2025-02-06 10:05:13,person,0.8853170275688171,Yes
2025-02-06 10:05:15,person,0.8807997107505798,Yes
2025-02-06 10:05:17,person,0.8650808930397034,Yes
2025-02-06 10:05:19,person,0.8643608093261719,Yes
2025-02-06 10:05:21,person,0.8556641340255737,Yes
2025-02-06 10:05:23,person,0.8651570081710815,Yes
2025-02-06 10:05:25,person,0.8621768951416016,Yes
2025-02-06 10:05:27,person,0.859139084815979,Yes
2025-02-06 10:05:30,person,0.8411966562271118,Yes
2025-02-06 10:05:32,person,0.8541361689567566,Yes
2025-02-06 10:05:34,person,0.8703195452690125,Yes
2025-02-06 10:05:36,person,0.8657867908477783,Yes
2025-02-06 10:05:38,person,0.9092735052108765,Yes
2025-02-06 10:05:40,person,0.8553500771522522,Yes
2025-02-06 10:05:42,person,0.8831242322921753,Yes
2025-02-06 10:05:44,person,0.8618789315223694,Yes
2025-02-06 10:05:47,person,0.8739849328994751,Yes
2025-02-06 10:05:49,person,0.8589526414871216,Yes
2025-02-06 10:05:51,person,0.8814550042152405,Yes
2025-02-06 10:05:53,person,0.8705039620399475,Yes
2025-02-06 10:05:55,person,0.8390275239944458,Yes
2025-02-06 10:05:57,person,0.8490881323814392,Yes
2025-02-06 10:05:59,person,0.8530534505844116,Yes
2025-02-06 10:06:02,person,0.9083042740821838,Yes
2025-02-06 10:06:04,person,0.9044405221939087,Yes
2025-02-06 10:06:06,person,0.8791527152061462,Yes
2025-02-06 10:06:08,person,0.8797387480735779,Yes
2025-02-06 10:06:10,person,0.8838393688201904,Yes
2025-02-06 10:06:12,person,0.8882993459701538,Yes
2025-02-06 10:06:14,person,0.8854180574417114,Yes
2025-02-06 10:06:17,person,0.8833800554275513,Yes
2025-02-06 10:06:19,person,0.8561405539512634,Yes
2025-02-06 10:06:21,person,0.8616592884063721,Yes
2025-02-06 10:06:23,person,0.8473133444786072,Yes
2025-02-06 10:06:25,person,0.8681414723396301,Yes
2025-02-06 10:06:27,person,0.8800182938575745,Yes
2025-02-06 10:06:29,person,0.8842804431915283,Yes
2025-02-06 10:06:39,person,0.8663479685783386,Yes
2025-02-06 10:06:41,person,0.8882600665092468,Yes
2025-02-06 12:54:19,person,0.9270954132080078,Yes
2025-02-06 12:54:22,person,0.787696897983551,Yes
2025-02-06 12:54:24,person,0.8513799905776978,Yes
2025-02-06 12:54:26,person,0.8469569683074951,Yes
2025-02-06 12:54:28,person,0.8528898358345032,Yes
2025-02-06 12:54:30,person,0.8194916248321533,Yes
2025-02-06 12:54:32,person,0.85295569896698,Yes
2025-02-06 12:54:34,person,0.8300492167472839,Yes
2025-02-06 12:54:37,person,0.8519729375839233,Yes
2025-02-06 12:54:39,person,0.8607765436172485,Yes
2025-02-06 12:54:41,person,0.8422466516494751,Yes
2025-02-06 12:54:43,person,0.8596904277801514,Yes
2025-02-06 12:54:45,person,0.8606882691383362,Yes
2025-02-06 12:54:48,person,0.8557268977165222,Yes
2025-02-06 12:54:50,person,0.8504431843757629,Yes
2025-02-06 12:54:52,person,0.8805380463600159,Yes
2025-02-06 12:54:54,person,0.8664628267288208,Yes
2025-02-06 12:54:56,person,0.8801820278167725,Yes
2025-02-06 12:54:58,person,0.8560267090797424,Yes
2025-02-06 12:55:01,person,0.8634518384933472,Yes
2025-02-06 12:55:03,person,0.8617261648178101,Yes
2025-02-06 12:55:05,person,0.8584944009780884,Yes
2025-02-06 12:55:07,person,0.8570306301116943,Yes
2025-02-06 12:55:09,person,0.8527397513389587,Yes
2025-02-06 12:55:11,person,0.8565794229507446,Yes
2025-02-06 12:55:13,person,0.8648385405540466,Yes
2025-02-06 12:55:15,person,0.8405036330223083,Yes
2025-02-06 12:55:18,person,0.8278887867927551,Yes
2025-02-06 13:32:27,car,0.6630723476409912,Yes
2025-02-06 13:32:29,car,0.7243887186050415,Yes
2025-02-06 13:32:51,car,0.5759261250495911,Yes
2025-02-06 13:32:54,car,0.5037333369255066,Yes
2025-02-06 13:32:56,car,0.7929736971855164,Yes
2025-02-06 13:32:58,car,0.6471542716026306,Yes
2025-02-06 13:33:00,car,0.8276993036270142,Yes
2025-02-06 13:34:14,dog,0.6242405772209167,Yes
2025-02-06 13:34:16,dog,0.7864492535591125,Yes
2025-02-06 13:35:04,dog,0.5979952216148376,Yes
2025-02-06 13:35:06,dog,0.5398646593093872,Yes
2025-02-06 13:35:08,dog,0.7101762294769287,Yes
2025-02-06 13:38:15,person,0.80608069896698,Yes
2025-02-06 13:38:18,person,0.7995107173919678,Yes
2025-02-06 13:38:20,person,0.7758828401565552,Yes
2025-02-06 13:38:22,person,0.8149803876876831,Yes
2025-02-06 13:38:24,person,0.8289721608161926,Yes
2025-02-06 13:38:26,person,0.8116137981414795,Yes
2025-02-06 13:38:28,person,0.8577540516853333,Yes
2025-02-06 18:25:33,person,0.8911570906639099,Yes
2025-02-06 18:25:35,person,0.8904356360435486,Yes
2025-02-06 18:25:38,person,0.8499769568443298,Yes
2025-02-06 18:25:40,person,0.9057365655899048,Yes
2025-02-06 18:25:42,person,0.9023175239562988,Yes
2025-02-06 18:25:44,person,0.894166111946106,Yes
2025-02-06 18:25:57,person,0.8557671904563904,Yes
2025-02-06 18:25:59,person,0.908507227897644,Yes
2025-02-06 18:26:01,person,0.9196859002113342,Yes
2025-02-06 18:26:03,person,0.9166175723075867,Yes
2025-02-06 18:26:05,person,0.927308201789856,Yes
2025-02-06 18:26:07,person,0.8411263823509216,Yes
2025-02-06 18:26:09,person,0.8686283230781555,Yes
2025-02-06 18:26:12,person,0.8961135149002075,Yes
2025-02-06 18:26:14,person,0.9000224471092224,Yes
2025-02-06 18:26:16,person,0.9029445648193359,Yes
2025-02-06 18:26:18,person,0.9052221775054932,Yes
2025-02-06 18:26:20,person,0.9027072191238403,Yes
2025-02-06 18:27:15,person,0.8904944062232971,Yes
2025-02-06 18:27:17,person,0.7717996835708618,Yes
2025-02-06 18:27:19,person,0.8756120800971985,Yes
2025-02-06 18:27:21,person,0.8391048312187195,Yes
2025-02-06 18:27:23,person,0.9035513997077942,Yes
2025-02-06 18:27:26,person,0.8677786588668823,Yes
2025-02-06 18:27:28,person,0.8934363722801208,Yes
2025-02-06 18:27:30,person,0.8790233731269836,Yes
2025-02-06 18:28:15,person,0.9112318158149719,Yes
2025-02-06 18:28:17,person,0.8953784108161926,Yes
2025-02-06 18:28:19,person,0.881229043006897,Yes
2025-02-06 18:28:21,person,0.8756738901138306,Yes
2025-02-06 18:28:23,person,0.839830219745636,Yes
2025-02-06 18:28:45,person,0.7560468912124634,Yes
2025-02-06 18:28:47,person,0.8950863480567932,Yes
2025-02-06 18:28:49,person,0.8550758361816406,Yes
2025-02-06 18:28:52,person,0.8702005743980408,Yes
2025-02-06 18:28:54,person,0.8843169212341309,Yes
2025-02-06 18:28:56,person,0.6217430830001831,Yes
2025-02-06 18:28:58,person,0.609947919845581,Yes
2025-02-06 18:29:00,person,0.5818368792533875,Yes
2025-02-06 18:29:12,person,0.767879843711853,Yes
2025-02-06 18:29:18,person,0.8790735006332397,Yes
2025-02-06 18:29:20,person,0.8926922678947449,Yes
2025-02-06 18:29:22,person,0.793344259262085,Yes
2025-02-06 18:29:24,person,0.896026074886322,Yes
2025-02-06 18:29:26,person,0.6600884199142456,Yes
2025-02-06 18:29:29,person,0.41051825881004333,Yes
2025-02-06 18:29:33,person,0.4814411699771881,Yes
2025-02-06 18:29:35,person,0.42886465787887573,Yes
2025-02-06 18:29:38,person,0.6370514631271362,Yes
2025-02-06 18:29:40,person,0.8258481025695801,Yes
2025-02-06 18:29:42,person,0.8726406097412109,Yes
2025-02-06 18:29:45,person,0.43633580207824707,Yes
2025-02-06 18:29:48,person,0.7149572968482971,Yes
2025-02-06 18:29:50,person,0.8261563181877136,Yes
2025-02-06 18:29:52,person,0.7329616546630859,Yes
2025-02-06 18:29:54,person,0.8318906426429749,Yes
2025-02-06 18:29:56,person,0.9175752401351929,Yes
2025-02-06 18:29:58,person,0.8894760012626648,Yes
2025-02-06 18:30:01,person,0.9146923422813416,Yes
2025-02-06 18:30:03,person,0.8878439664840698,Yes
2025-02-06 18:30:05,person,0.892690122127533,Yes
2025-02-06 18:30:07,person,0.8981814384460449,Yes
2025-02-06 18:30:09,person,0.8912563323974609,Yes
2025-02-06 18:30:12,person,0.883240282535553,Yes
2025-02-06 18:30:14,person,0.8939948678016663,Yes
2025-02-06 18:30:16,person,0.9138110280036926,Yes
2025-02-06 18:30:19,person,0.8996002674102783,Yes
2025-02-06 18:30:21,person,0.9201146364212036,Yes
2025-02-06 18:30:23,person,0.9183784127235413,Yes
2025-02-06 18:30:25,person,0.9044082164764404,Yes
2025-02-06 18:30:27,person,0.9148944616317749,Yes
2025-02-06 18:30:29,person,0.8767243027687073,Yes
2025-02-06 18:30:32,person,0.8039867281913757,Yes
2025-02-06 18:30:34,person,0.902716338634491,Yes
2025-02-06 18:30:36,person,0.89360111951828,Yes
2025-02-06 18:30:38,person,0.8460459113121033,Yes
2025-02-06 18:30:40,person,0.9086008071899414,Yes
2025-02-06 18:30:42,person,0.915001630783081,Yes
2025-02-06 18:30:45,person,0.9122649431228638,Yes
2025-02-06 18:30:47,person,0.9170456528663635,Yes
2025-02-06 18:30:49,person,0.9164329767227173,Yes
2025-02-06 18:30:51,person,0.9064924716949463,Yes
2025-02-06 18:30:54,person,0.9084272384643555,Yes
2025-02-06 18:30:56,person,0.7950956225395203,Yes
2025-02-06 18:30:58,person,0.7466428875923157,Yes
2025-02-06 18:31:00,person,0.8579962849617004,Yes
2025-02-06 18:31:03,person,0.8804085850715637,Yes
2025-02-06 18:31:05,person,0.8336886763572693,Yes
2025-02-06 18:31:07,person,0.8315811157226562,Yes
2025-02-06 18:31:09,person,0.8668003678321838,Yes
2025-02-06 18:31:12,person,0.8342223763465881,Yes
2025-02-06 18:31:14,person,0.8392690420150757,Yes
2025-02-06 18:31:16,person,0.8639957308769226,Yes
2025-02-06 18:31:18,person,0.8645466566085815,Yes
2025-02-06 18:31:20,person,0.8695721626281738,Yes
2025-02-06 18:31:23,person,0.8538126945495605,Yes
2025-02-06 18:31:25,person,0.9162256121635437,Yes
2025-02-06 18:31:28,person,0.9097882509231567,Yes
2025-02-06 18:39:32,No Helmet,0.666845977306366,Yes
2025-02-06 18:39:46,Safety Vest,0.42785346508026123,Yes
2025-02-06 18:39:48,Safety Vest,0.4788844883441925,Yes
2025-02-06 18:39:51,Safety Vest,0.5034705400466919,Yes
2025-02-06 18:39:53,Safety Vest,0.4886321425437927,Yes
2025-02-06 18:39:55,Safety Vest,0.4807010889053345,Yes
2025-02-06 18:39:57,Safety Vest,0.4280451834201813,Yes
2025-02-06 18:40:00,Safety Vest,0.46633657813072205,Yes
2025-02-06 18:40:03,Safety Vest,0.4054291546344757,Yes
2025-02-09 11:37:38,person,0.8916904926300049,Yes
2025-02-09 11:37:41,person,0.8985119462013245,Yes
2025-02-09 11:37:43,person,0.9138323068618774,Yes
2025-02-09 11:37:45,person,0.8964529037475586,Yes
2025-02-09 11:37:47,person,0.8938739895820618,Yes
2025-02-09 11:37:49,person,0.8981004953384399,Yes
2025-02-09 11:37:51,person,0.8894011974334717,Yes
2025-02-09 11:37:54,person,0.8908915519714355,Yes
2025-02-09 11:37:56,person,0.9071481823921204,Yes
2025-02-09 11:37:59,person,0.8683246374130249,Yes
2025-02-09 11:38:01,person,0.8668016195297241,Yes
2025-02-09 11:38:03,person,0.8785193562507629,Yes
2025-02-09 11:38:05,person,0.8856862187385559,Yes
2025-02-09 11:38:08,person,0.8734124898910522,Yes
2025-02-09 11:38:10,person,0.8775559067726135,Yes
2025-02-09 11:38:12,person,0.8892331123352051,Yes
2025-02-09 11:38:14,person,0.8794633150100708,Yes
2025-02-09 11:38:16,person,0.8928796648979187,Yes
2025-02-09 11:38:18,person,0.8946821689605713,Yes
2025-02-09 11:38:21,person,0.9043841361999512,Yes
2025-02-09 11:38:23,person,0.8816273808479309,Yes
2025-02-09 11:38:25,person,0.9002411365509033,Yes
2025-02-09 11:38:27,person,0.9030352830886841,Yes
2025-02-09 11:38:29,person,0.8916083574295044,Yes
2025-02-09 11:38:31,person,0.8724550008773804,Yes
2025-02-09 11:38:33,person,0.8821178078651428,Yes
2025-02-09 11:38:35,person,0.8793725967407227,Yes
2025-02-09 11:38:37,person,0.8961741924285889,Yes
2025-02-09 11:38:40,person,0.8895964622497559,Yes
2025-02-09 11:38:42,person,0.9032872319221497,Yes
2025-02-09 11:38:44,person,0.8914948105812073,Yes
2025-02-09 11:38:47,person,0.8714490532875061,Yes
2025-02-09 11:38:49,person,0.8967872262001038,Yes
2025-02-09 11:38:51,person,0.8942446708679199,Yes
2025-02-09 11:38:53,person,0.9122778177261353,Yes
2025-02-09 11:38:55,person,0.9049572348594666,Yes
2025-02-09 11:38:58,person,0.8863253593444824,Yes
2025-02-09 11:39:00,person,0.9062216877937317,Yes
2025-02-09 11:39:02,person,0.9124760031700134,Yes
2025-02-09 11:39:04,person,0.9095268249511719,Yes
2025-02-09 11:39:06,person,0.9138468503952026,Yes
2025-02-09 11:39:08,person,0.8987926244735718,Yes
2025-02-09 11:39:11,person,0.9123647212982178,Yes
2025-02-09 11:39:13,person,0.9031887054443359,Yes
2025-02-09 11:39:15,person,0.8931580185890198,Yes
2025-02-09 11:39:17,person,0.9029573202133179,Yes
2025-02-09 11:39:19,person,0.906560480594635,Yes
2025-02-09 11:39:21,person,0.9113430976867676,Yes
2025-02-09 11:39:23,person,0.9137917160987854,Yes
2025-02-09 11:39:25,person,0.9046008586883545,Yes
2025-02-09 11:39:27,person,0.9162573218345642,Yes
2025-02-09 11:39:29,person,0.8945866823196411,Yes
2025-02-09 11:39:31,person,0.8685112595558167,Yes
2025-02-09 11:39:33,person,0.8741962313652039,Yes
2025-02-09 11:39:36,person,0.8860195279121399,Yes
2025-02-09 11:39:38,person,0.8784453272819519,Yes
2025-02-09 11:39:40,person,0.851228654384613,Yes
2025-02-09 11:39:42,person,0.8785942792892456,Yes
2025-02-09 11:39:44,person,0.8841633796691895,Yes
2025-02-09 11:39:46,person,0.8761734962463379,Yes
2025-02-09 11:39:48,person,0.8813371062278748,Yes
2025-02-09 11:39:50,person,0.8838457465171814,Yes
2025-02-09 11:39:52,person,0.8775320649147034,Yes
2025-02-09 11:39:54,person,0.8794779181480408,Yes
2025-02-09 11:39:56,person,0.8594633340835571,Yes
2025-02-09 11:39:59,person,0.8952696919441223,Yes
2025-02-09 11:40:01,person,0.8939352631568909,Yes
2025-02-09 11:40:03,person,0.8874518275260925,Yes
2025-02-09 11:40:05,person,0.900368869304657,Yes
2025-02-09 11:40:07,person,0.8667626976966858,Yes
2025-02-09 11:40:09,person,0.8858359456062317,Yes
2025-02-09 11:40:11,person,0.8823766112327576,Yes
2025-02-09 11:40:13,person,0.8874781727790833,Yes
2025-02-09 11:40:16,person,0.8909732699394226,Yes
2025-02-09 17:30:19,person,0.8618176579475403,Yes
2025-02-09 17:30:21,person,0.7972737550735474,Yes
2025-02-09 17:30:24,person,0.8478020429611206,Yes
2025-02-09 17:30:26,person,0.8213531374931335,Yes
2025-02-09 17:30:28,person,0.8186480402946472,Yes
2025-02-09 17:30:30,person,0.8359351754188538,Yes
2025-02-09 17:30:37,person,0.9061017036437988,Yes
2025-02-09 17:30:42,person,0.8818991780281067,Yes
2025-02-09 17:30:45,person,0.8733910322189331,Yes
2025-02-09 17:30:48,person,0.8709672689437866,Yes
2025-02-09 17:30:51,person,0.8679217100143433,Yes
2025-02-09 17:30:55,person,0.8795396089553833,Yes
2025-02-09 17:30:58,person,0.8729775547981262,Yes
2025-02-09 17:31:01,person,0.8621989488601685,Yes
2025-02-09 17:31:03,person,0.8597834706306458,Yes
2025-02-09 17:31:05,person,0.8576109409332275,Yes
2025-02-09 17:31:08,person,0.8416918516159058,Yes
2025-02-09 17:31:10,person,0.8704809546470642,Yes
2025-02-09 17:31:13,person,0.860557496547699,Yes
2025-02-09 17:31:16,person,0.853863000869751,Yes
2025-02-09 17:31:18,person,0.8749991655349731,Yes
2025-02-09 17:31:21,person,0.8415190577507019,Yes
2025-02-09 17:31:23,person,0.8604262471199036,Yes
2025-02-09 17:31:25,person,0.8715337514877319,Yes
2025-02-09 17:31:27,person,0.8667524456977844,Yes
2025-02-09 17:31:29,person,0.853790283203125,Yes
2025-02-09 17:31:31,person,0.8503497242927551,Yes
2025-02-09 17:31:33,person,0.8462487459182739,Yes
2025-02-09 17:31:36,person,0.8397806882858276,Yes
2025-02-09 17:31:38,person,0.8667144775390625,Yes
2025-02-09 17:31:40,person,0.8577914237976074,Yes
2025-02-09 17:31:42,person,0.881850004196167,Yes
2025-02-09 17:31:44,person,0.86984783411026,Yes
2025-02-09 17:31:47,person,0.8639635443687439,Yes
2025-02-09 17:31:49,person,0.8566906452178955,Yes
2025-02-09 17:31:51,person,0.8465997576713562,Yes
2025-02-09 17:31:57,person,0.8032337427139282,Yes
2025-02-09 17:32:00,person,0.8473490476608276,Yes
2025-02-09 17:32:02,person,0.8799625039100647,Yes
2025-02-09 17:32:04,person,0.8510506749153137,Yes
2025-02-09 18:01:50,No Helmet,0.5365665555000305,Yes
2025-02-09 18:01:52,No Helmet,0.6197442412376404,Yes
2025-02-09 18:01:56,No Helmet,0.683829665184021,Yes
2025-02-09 18:01:58,No Helmet,0.7228437066078186,Yes
2025-02-09 18:02:00,No Helmet,0.44460543990135193,Yes
2025-02-09 18:02:02,No Helmet,0.5222241282463074,Yes
2025-02-09 18:02:05,No Helmet,0.5902502536773682,Yes
2025-02-09 18:19:11,No Helmet,0.4117281138896942,Yes
2025-02-09 18:19:22,No Helmet,0.6117870807647705,Yes
2025-04-23 23:52:44,person,0.8146494030952454,Yes
2025-04-23 23:52:46,person,0.9018968939781189,Yes
2025-04-23 23:52:48,person,0.8120514154434204,Yes
2025-04-23 23:52:55,person,0.8319634199142456,Yes
2025-04-23 23:52:57,person,0.8328811526298523,Yes
2025-04-23 23:53:03,person,0.4375101625919342,Yes
2025-04-23 23:53:06,person,0.40711718797683716,Yes
2025-04-23 23:53:08,person,0.6824649572372437,Yes
2025-04-23 23:53:20,person,0.7199567556381226,Yes
2025-04-23 23:53:22,person,0.9119835495948792,Yes
2025-04-23 23:53:24,person,0.8563613891601562,Yes
2025-04-23 23:53:26,person,0.8803176879882812,Yes
2025-04-23 23:53:28,person,0.9053760766983032,Yes
2025-04-23 23:53:30,person,0.8090704083442688,Yes
2025-04-23 23:53:33,person,0.9012303352355957,Yes
2025-04-23 23:53:42,person,0.4066491723060608,Yes
2025-04-23 23:53:44,person,0.8687425851821899,Yes
2025-04-23 23:53:46,person,0.6167118549346924,Yes
2025-04-23 23:53:50,person,0.8507346510887146,Yes
2025-04-23 23:53:52,person,0.844201922416687,Yes
2025-04-23 23:53:54,person,0.7720442414283752,Yes
2025-04-23 23:53:58,person,0.8700365424156189,Yes
2025-04-23 23:54:00,person,0.662291944026947,Yes
2025-04-23 23:54:03,person,0.7972453236579895,Yes
2025-04-23 23:54:38,person,0.6373693943023682,Yes
2025-04-23 23:54:40,person,0.9180135726928711,Yes
2025-04-23 23:54:49,person,0.6111593842506409,Yes
2025-04-23 23:54:55,person,0.7271192073822021,Yes
2025-04-23 23:54:58,person,0.8136346340179443,Yes
2025-04-23 23:55:00,person,0.8233476281166077,Yes
2025-04-23 23:55:02,person,0.8372628092765808,Yes
2025-04-23 23:55:08,person,0.7939075231552124,Yes
2025-04-23 23:55:13,person,0.8530730605125427,Yes
2025-04-23 23:55:15,person,0.7486469149589539,Yes
2025-04-23 23:55:17,person,0.7350270748138428,Yes
2025-04-23 23:55:19,person,0.7091567516326904,Yes
2025-04-23 23:55:22,person,0.45889511704444885,Yes
2025-04-23 23:55:25,person,0.7951454520225525,Yes
2025-04-23 23:55:27,person,0.7470207810401917,Yes
2025-04-23 23:55:30,person,0.7398220300674438,Yes
2025-04-23 23:55:32,person,0.822381317615509,Yes
2025-04-23 23:55:34,person,0.5661500692367554,Yes
2025-04-23 23:55:37,person,0.8845218420028687,Yes
2025-04-23 23:55:39,person,0.8712936639785767,Yes
2025-04-23 23:55:42,person,0.6765512824058533,Yes
2025-04-23 23:55:44,person,0.8852233290672302,Yes
2025-04-23 23:55:47,person,0.4221033751964569,Yes
2025-04-23 23:56:01,person,0.862618088722229,Yes
2025-04-23 23:56:03,person,0.8933073282241821,Yes
2025-04-24 00:01:58,person,0.8418852090835571,Yes
2025-04-24 00:02:00,person,0.8476057052612305,Yes
2025-04-24 00:02:02,person,0.6836299896240234,Yes
2025-04-24 00:02:04,person,0.7262622714042664,Yes
2025-04-24 00:02:06,person,0.7473076581954956,Yes
2025-04-24 00:02:08,person,0.8485190868377686,Yes
2025-04-24 00:02:14,person,0.49691399931907654,Yes
2025-04-24 00:02:16,person,0.698150634765625,Yes
2025-04-24 00:02:18,person,0.5976336598396301,Yes
2025-04-24 00:02:20,person,0.7678992748260498,Yes
2025-04-24 00:02:22,person,0.864470362663269,Yes
2025-04-24 00:05:09,person,0.8984732627868652,Yes
2025-04-24 00:05:11,person,0.9269909262657166,Yes
2025-04-24 00:05:13,person,0.8923081159591675,Yes
2025-04-24 00:05:15,person,0.899608314037323,Yes
2025-04-24 00:05:18,person,0.8427417874336243,Yes
2025-04-24 00:05:20,person,0.6547369956970215,Yes
2025-04-24 00:05:22,person,0.8351073861122131,Yes
2025-04-24 00:05:28,person,0.510545551776886,Yes
2025-04-24 00:05:30,person,0.888055145740509,Yes
2025-04-24 00:05:32,person,0.8854448795318604,Yes
2025-04-24 00:05:34,person,0.8699866533279419,Yes
2025-04-24 00:05:36,person,0.8516441583633423,Yes
2025-04-24 00:05:39,person,0.8561819791793823,Yes
2025-04-24 00:05:41,person,0.8526672720909119,Yes
2025-04-24 00:05:43,person,0.8170554637908936,Yes
2025-04-24 00:05:45,person,0.8708598613739014,Yes
2025-04-24 00:05:47,person,0.8562076687812805,Yes
2025-04-24 00:05:49,person,0.8782503008842468,Yes
2025-04-24 00:06:22,person,0.7725499868392944,Yes
2025-04-24 00:06:24,person,0.7054492235183716,Yes
2025-04-24 00:06:30,person,0.5603799819946289,Yes
2025-04-24 00:06:32,person,0.7164149880409241,Yes
2025-04-24 00:06:34,person,0.8318842053413391,Yes
2025-04-24 00:06:36,person,0.5017436742782593,Yes
2025-04-24 00:06:49,person,0.9049469232559204,Yes
2025-04-24 00:07:04,person,0.8771417140960693,Yes
2025-04-24 00:07:07,person,0.8775696754455566,Yes
2025-04-24 00:07:09,person,0.8703359961509705,Yes
2025-04-24 00:07:12,person,0.8125803470611572,Yes
2025-04-24 00:07:15,person,0.8128734827041626,Yes
2025-04-24 00:07:17,person,0.8189917206764221,Yes
2025-04-24 00:07:20,person,0.802313506603241,Yes
2025-04-24 00:07:24,person,0.8181500434875488,Yes
2025-04-24 00:07:31,person,0.8135325312614441,Yes
2025-04-24 00:07:37,person,0.7595226764678955,Yes
2025-04-24 00:07:39,person,0.6190106868743896,Yes
2025-04-24 00:07:42,person,0.6105893850326538,Yes
2025-04-24 00:07:45,person,0.7770328521728516,Yes
2025-04-24 00:07:47,person,0.8460759520530701,Yes
2025-04-24 00:16:58,person,0.9078862071037292,Yes
2025-04-24 00:17:00,person,0.8938865065574646,Yes
2025-04-24 00:17:07,person,0.852016270160675,Yes
2025-04-24 00:17:09,person,0.8772594928741455,Yes
2025-04-24 00:17:19,person,0.459015429019928,Yes
2025-04-24 00:17:28,person,0.7518268823623657,Yes
2025-04-24 00:17:30,person,0.7165336608886719,Yes
2025-04-24 00:17:35,person,0.832805335521698,Yes
2025-04-24 00:17:39,person,0.48026829957962036,Yes
2025-04-24 00:18:13,person,0.9045342206954956,Yes
2025-04-24 00:18:19,person,0.8548851013183594,Yes
2025-04-24 00:26:43,person,0.7597290873527527,Yes
2025-04-24 00:26:45,person,0.7859920859336853,Yes
2025-04-24 00:26:47,person,0.6924014091491699,Yes
2025-04-24 00:52:15,person,0.83,Yes
2025-04-24 00:52:17,person,0.82,Yes
2025-04-24 00:52:19,person,0.81,Yes
2025-04-24 00:52:21,person,0.81,Yes
2025-04-24 00:52:23,person,0.88,Yes
2025-04-24 00:52:29,person,0.69,Yes
2025-04-24 00:52:31,person,0.87,Yes
2025-04-24 00:52:33,person,0.64,Yes
2025-04-24 00:52:35,person,0.85,Yes
2025-04-24 00:52:40,person,0.88,Yes
2025-04-24 00:52:42,person,0.84,Yes
2025-04-24 00:52:44,person,0.82,Yes
2025-04-24 00:52:46,person,0.87,Yes
2025-04-24 00:52:48,person,0.87,Yes
2025-04-24 00:52:50,person,0.47,Yes
2025-04-24 00:52:52,person,0.54,Yes
2025-04-24 00:52:56,person,0.80,Yes
2025-04-24 19:09:40,person,0.80,Yes
2025-04-24 19:09:44,person,0.74,Yes
2025-04-24 19:09:46,person,0.85,Yes
2025-04-24 19:09:48,person,0.84,Yes
2025-04-24 19:09:50,person,0.83,Yes
2025-04-24 19:09:54,person,0.65,Yes
2025-04-24 19:09:56,person,0.68,Yes
2025-04-24 19:09:58,person,0.77,Yes
2025-04-24 19:10:00,person,0.88,Yes
2025-04-24 19:10:03,person,0.76,Yes
2025-04-24 19:10:32,person,0.67,Yes
2025-04-24 19:10:34,person,0.87,Yes
2025-04-24 19:10:34,person,0.85,Yes
2025-04-24 19:10:37,person,0.79,Yes
2025-04-24 19:10:38,person,0.81,Yes
2025-04-24 19:11:17,person,0.84,Yes
2025-04-24 19:11:19,person,0.80,Yes
2025-04-24 19:11:21,person,0.75,Yes
2025-04-24 19:11:23,person,0.83,Yes
2025-04-24 19:11:25,person,0.83,Yes
2025-04-24 19:11:27,person,0.87,Yes
2025-04-24 19:11:29,person,0.86,Yes
2025-04-24 19:11:32,person,0.84,Yes
2025-04-24 19:11:34,person,0.85,Yes
2025-04-24 19:11:37,person,0.75,Yes
2025-04-24 19:11:40,person,0.70,Yes
2025-04-24 19:11:42,person,0.84,Yes
2025-04-24 19:11:44,person,0.72,Yes
2025-04-24 19:11:53,bicycle,0.81,Yes
2025-04-24 19:11:57,bicycle,0.86,Yes
2025-04-24 19:12:05,bicycle,0.53,Yes
2025-04-24 19:12:09,bicycle,0.53,Yes
2025-04-24 19:18:41,person,0.87,Yes
2025-04-24 19:18:43,person,0.80,Yes
2025-04-24 19:26:16,head,0.69,Yes
2025-04-24 19:26:37,helmet,0.82,Yes
2025-04-24 19:26:37,head,0.69,Yes
2025-04-24 19:26:43,helmet,0.89,Yes
2025-04-24 19:26:49,head,0.43,Yes
2025-04-24 19:27:00,helmet,0.88,Yes
2025-04-24 19:27:13,helmet,0.85,Yes
2025-04-24 19:27:39,head,0.72,Yes
2025-04-24 19:28:04,head,0.86,Yes
2025-04-24 19:28:14,head,0.43,Yes
2025-04-24 19:28:30,head,0.65,Yes
2025-04-24 19:28:33,head,0.64,Yes
2025-04-24 19:41:43,head,0.67,Yes
2025-04-24 19:41:49,head,0.41,Yes
2025-04-24 19:41:53,head,0.50,Yes
2025-04-24 19:43:48,helmet,0.55,Yes
2025-04-24 20:15:52,helmet,0.92,Yes
2025-04-24 20:15:54,helmet,0.86,Yes
2025-04-24 20:15:59,helmet,0.86,Yes
2025-04-24 20:16:01,helmet,0.69,Yes
2025-04-24 20:16:03,helmet,0.90,Yes
2025-04-24 20:16:06,helmet,0.90,Yes
2025-04-24 20:16:29,helmet,0.53,Yes
2025-04-24 20:19:44,person,0.88,Yes
2025-04-24 20:19:53,person,0.79,Yes
2025-04-24 20:19:55,person,0.73,Yes
2025-04-24 20:19:57,person,0.88,Yes
2025-04-24 20:20:00,person,0.48,Yes
2025-04-24 20:20:02,person,0.53,Yes
2025-04-24 20:20:04,person,0.49,Yes
2025-04-24 20:20:06,person,0.88,Yes
2025-04-24 20:20:31,head,0.60,Yes
2025-04-24 20:20:33,head,0.73,Yes
2025-04-24 20:20:36,head,0.48,Yes
2025-04-24 20:20:38,head,0.47,Yes
2025-04-24 20:20:53,head,0.79,Yes
2025-04-24 20:20:58,head,0.47,Yes
2025-04-24 20:21:08,helmet,0.83,Yes
2025-04-24 20:21:09,head,0.41,Yes
2025-04-24 20:21:10,helmet,0.94,Yes
2025-04-24 20:21:12,helmet,0.93,Yes
2025-04-24 20:21:14,helmet,0.94,Yes
2025-04-24 20:21:14,head,0.48,Yes
2025-04-24 20:21:18,head,0.72,Yes
2025-04-24 20:21:20,head,0.91,Yes
2025-04-24 20:21:22,head,0.92,Yes
2025-04-24 20:21:24,head,0.92,Yes
2025-04-24 20:21:26,helmet,0.88,Yes
2025-04-24 20:21:28,helmet,0.88,Yes
2025-04-24 20:21:30,head,0.72,Yes
2025-04-24 20:21:32,head,0.59,Yes
2025-04-24 20:21:34,head,0.44,Yes
2025-04-24 20:21:38,head,0.62,Yes
2025-04-24 20:21:40,head,0.87,Yes
2025-04-24 20:21:42,head,0.63,Yes
2025-04-24 20:21:44,head,0.52,Yes
2025-04-24 20:21:46,head,0.56,Yes
2025-04-24 20:21:48,head,0.51,Yes
2025-04-24 20:22:29,head,0.73,Yes
2025-04-24 20:22:32,helmet,0.60,Yes
2025-04-24 20:22:32,head,0.65,Yes
2025-04-24 20:22:34,head,0.58,Yes
2025-04-24 20:22:36,head,0.65,Yes
2025-04-24 20:22:38,helmet,0.44,Yes
2025-04-24 20:22:38,head,0.64,Yes
2025-04-24 20:23:02,helmet,0.87,Yes
2025-04-24 20:23:05,head,0.88,Yes
2025-04-24 20:23:07,head,0.93,Yes
2025-04-24 20:23:09,head,0.89,Yes
2025-04-24 20:23:09,helmet,0.44,Yes
2025-04-24 20:23:11,head,0.77,Yes
2025-04-24 20:23:13,head,0.87,Yes
2025-04-24 20:23:15,helmet,0.61,Yes
2025-04-24 20:23:17,helmet,0.93,Yes
2025-04-24 20:23:19,helmet,0.93,Yes
2025-04-24 20:23:21,helmet,0.93,Yes
2025-04-24 20:23:23,head,0.72,Yes
2025-04-24 20:23:24,helmet,0.72,Yes
2025-04-24 20:23:25,head,0.55,Yes
2025-04-24 20:28:41,helmet,0.47,Yes
2025-04-24 20:28:42,head,0.44,Yes
2025-04-24 20:28:45,head,0.42,Yes
2025-04-24 20:28:47,helmet,0.53,Yes
2025-04-24 20:28:47,head,0.46,Yes
2025-04-24 20:28:49,helmet,0.58,Yes
2025-04-24 20:28:51,helmet,0.93,Yes
2025-04-24 20:28:54,helmet,0.92,Yes
2025-04-24 20:28:57,head,0.90,Yes
2025-04-24 20:29:07,head,0.91,Yes
2025-04-24 20:29:09,head,0.92,Yes
2025-04-24 20:29:11,head,0.92,Yes
2025-04-24 20:29:14,head,0.47,Yes
2025-04-24 20:29:16,helmet,0.91,Yes
2025-04-24 20:29:18,helmet,0.94,Yes
2025-04-24 20:29:20,helmet,0.95,Yes
2025-04-24 20:29:21,head,0.92,Yes
2025-04-24 20:29:23,head,0.94,Yes
2025-04-24 20:29:26,head,0.92,Yes
2025-04-24 20:29:28,head,0.65,Yes
2025-04-24 20:29:30,helmet,0.53,Yes
2025-04-24 20:29:30,head,0.66,Yes
2025-04-24 20:29:32,head,0.51,Yes
2025-04-24 20:29:34,head,0.89,Yes
2025-04-24 20:29:35,helmet,0.91,Yes
2025-04-24 20:29:37,head,0.91,Yes
2025-04-24 20:29:37,helmet,0.92,Yes
2025-04-24 20:29:39,head,0.92,Yes
2025-04-24 20:29:39,helmet,0.92,Yes
2025-04-24 20:29:41,head,0.92,Yes
2025-04-24 20:29:43,head,0.93,Yes
2025-04-24 20:29:43,helmet,0.45,Yes
2025-04-24 20:29:45,head,0.93,Yes
2025-04-24 20:29:47,helmet,0.49,Yes
2025-04-24 20:29:47,head,0.90,Yes
2025-04-24 20:29:49,helmet,0.49,Yes
2025-04-24 20:29:49,head,0.87,Yes
2025-04-24 20:29:54,head,0.42,Yes
2025-04-24 20:29:56,head,0.72,Yes
2025-04-24 20:30:00,head,0.51,Yes
2025-04-24 20:30:02,head,0.60,Yes
2025-04-24 20:42:22,head,0.65,Yes
2025-04-24 20:42:26,head,0.76,Yes
2025-04-24 20:42:26,helmet,0.49,Yes
2025-04-24 20:42:35,head,0.49,Yes
2025-04-24 20:42:37,head,0.47,Yes
2025-04-24 20:42:40,head,0.41,Yes
2025-04-24 20:42:42,head,0.52,Yes
2025-04-24 20:42:42,helmet,0.77,Yes
2025-04-24 20:42:53,helmet,0.67,Yes
2025-04-24 20:43:04,head,0.82,Yes
2025-04-24 20:43:05,helmet,0.70,Yes
2025-04-24 20:43:06,head,0.84,Yes
2025-04-24 20:43:08,head,0.73,Yes
2025-04-24 20:43:10,head,0.93,Yes
2025-04-24 20:43:12,head,0.91,Yes
2025-04-24 20:43:31,helmet,0.54,Yes
2025-04-24 20:43:33,helmet,0.93,Yes
2025-04-24 20:43:35,helmet,0.93,Yes
2025-04-24 20:43:43,helmet,0.94,Yes
2025-04-24 20:43:47,head,0.59,Yes
2025-04-24 20:43:55,helmet,0.91,Yes
2025-04-24 20:43:57,helmet,0.93,Yes
2025-04-24 20:44:00,head,0.44,Yes
2025-04-24 20:44:03,head,0.49,Yes
2025-04-24 20:44:09,helmet,0.91,Yes
2025-04-24 20:44:11,head,0.74,Yes
2025-04-24 20:44:11,helmet,0.92,Yes
2025-04-24 20:44:13,helmet,0.94,Yes
2025-04-24 20:44:16,head,0.41,Yes
2025-04-24 20:59:17,head,0.88,Yes
2025-04-24 20:59:23,head,0.56,Yes
2025-04-24 20:59:32,helmet,0.93,Yes
2025-04-24 21:05:16,head,0.87,Yes
2025-04-24 21:05:18,head,0.90,Yes
2025-04-24 21:05:29,helmet,0.93,Yes
2025-04-24 21:05:31,helmet,0.94,Yes
2025-04-24 21:22:29,helmet,0.83,Yes
2025-04-24 21:22:30,head,0.85,Yes
2025-04-24 21:22:32,helmet,0.89,Yes
2025-04-24 21:22:35,head,0.59,Yes
2025-04-24 21:22:39,head,0.85,Yes
2025-04-24 21:22:41,helmet,0.85,Yes
2025-04-24 21:22:41,head,0.43,Yes
2025-04-24 21:22:43,helmet,0.75,Yes
2025-04-24 21:22:44,head,0.86,Yes
2025-04-24 21:22:46,head,0.91,Yes
2025-04-24 21:22:48,head,0.66,Yes
2025-04-24 21:22:50,head,0.55,Yes
2025-04-24 21:23:03,helmet,0.93,Yes
2025-04-24 21:23:05,helmet,0.94,Yes
2025-04-24 21:30:12,helmet,0.87,Yes
2025-04-24 21:30:14,head,0.72,Yes
2025-04-24 21:30:16,helmet,0.91,Yes
2025-04-24 21:30:30,helmet,0.58,Yes
2025-04-24 21:30:32,helmet,0.92,Yes
2025-04-24 21:30:37,helmet,0.43,Yes
2025-04-24 21:30:37,head,0.48,Yes
2025-04-24 21:30:39,helmet,0.44,Yes
2025-04-24 21:30:40,head,0.75,Yes
2025-04-24 21:30:42,head,0.85,Yes
2025-04-24 21:30:43,helmet,0.66,Yes
2025-04-24 21:30:44,head,0.42,Yes
2025-04-24 21:30:45,helmet,0.47,Yes
2025-04-24 21:30:46,head,0.74,Yes
2025-04-24 21:30:47,helmet,0.54,Yes
2025-04-24 21:30:49,head,0.46,Yes
2025-04-24 21:30:51,head,0.58,Yes
2025-04-24 21:30:53,head,0.65,Yes
2025-04-24 21:30:55,head,0.52,Yes
2025-04-24 21:30:57,helmet,0.59,Yes
2025-04-24 21:31:03,head,0.60,Yes
2025-04-24 21:31:05,head,0.62,Yes
2025-04-24 21:31:07,head,0.79,Yes
2025-04-24 21:31:08,helmet,0.66,Yes
2025-04-24 21:31:10,head,0.75,Yes
2025-04-24 21:31:11,helmet,0.57,Yes
2025-04-24 21:31:12,head,0.50,Yes
2025-04-24 21:31:14,helmet,0.47,Yes
2025-04-24 21:31:14,head,0.58,Yes
2025-04-24 21:31:16,helmet,0.43,Yes
2025-04-24 21:31:16,head,0.63,Yes
2025-04-24 21:31:19,head,0.70,Yes
2025-04-24 21:34:25,head,0.75,Yes
2025-04-24 21:34:27,head,0.84,Yes
2025-04-24 21:34:29,head,0.81,Yes
2025-04-24 21:34:30,helmet,0.46,Yes
2025-04-24 21:34:38,person,0.56,Yes
2025-04-24 21:35:35,head,0.41,Yes
2025-04-24 21:35:48,helmet,0.47,Yes
2025-04-24 21:35:49,head,0.75,Yes
2025-04-24 21:35:51,head,0.50,Yes
2025-04-24 21:35:55,helmet,0.77,Yes
2025-04-24 21:35:56,head,0.63,Yes
2025-04-24 21:35:57,helmet,0.58,Yes
2025-04-24 21:35:58,head,0.79,Yes
2025-04-24 21:35:59,helmet,0.78,Yes
2025-04-24 21:36:00,head,0.87,Yes
2025-04-24 21:36:02,helmet,0.81,Yes
2025-04-24 21:36:02,head,0.79,Yes
2025-04-24 21:36:14,head,0.70,Yes
2025-04-24 21:36:16,head,0.73,Yes
2025-04-24 21:36:22,helmet,0.90,Yes
2025-04-24 21:36:24,helmet,0.94,Yes
2025-04-24 21:36:27,helmet,0.93,Yes
2025-04-24 21:36:29,helmet,0.94,Yes
2025-04-24 21:36:29,head,0.86,Yes
2025-04-24 21:36:42,helmet,0.84,Yes
2025-04-24 21:36:42,head,0.60,Yes
2025-04-24 21:36:44,helmet,0.91,Yes
2025-04-24 21:36:45,head,0.55,Yes
2025-04-24 21:36:47,head,0.77,Yes
2025-04-24 21:36:47,helmet,0.57,Yes
2025-04-24 21:37:40,helmet,0.93,Yes
2025-04-24 21:37:48,helmet,0.93,Yes
2025-04-24 21:37:51,helmet,0.90,Yes
2025-04-24 21:38:05,head,0.56,Yes
2025-04-24 21:38:07,head,0.78,Yes
2025-04-24 21:38:09,head,0.75,Yes
2025-04-24 21:39:44,head,0.78,Yes
2025-04-24 21:39:46,head,0.69,Yes
2025-04-24 21:39:47,helmet,0.53,Yes
2025-04-24 21:39:48,head,0.42,Yes
2025-04-24 21:39:50,head,0.89,Yes
2025-04-24 21:39:52,helmet,0.74,Yes
2025-04-24 21:39:53,head,0.85,Yes
2025-04-24 21:39:55,head,0.87,Yes
2025-04-24 21:39:56,helmet,0.81,Yes
2025-04-24 21:39:57,head,0.88,Yes
2025-04-24 21:39:59,head,0.81,Yes
2025-04-24 21:40:01,head,0.86,Yes
2025-04-24 21:40:03,head,0.90,Yes
2025-04-24 21:40:08,head,0.72,Yes
2025-04-24 21:40:09,helmet,0.44,Yes
2025-04-24 21:43:06,head,0.48,Yes
2025-04-24 21:43:06,helmet,0.59,Yes
2025-04-24 21:43:08,head,0.80,Yes
2025-04-24 21:43:10,head,0.87,Yes
2025-04-24 21:43:13,head,0.82,Yes
2025-04-24 21:43:15,helmet,0.40,Yes
2025-04-24 21:43:15,head,0.67,Yes
2025-04-24 21:43:17,head,0.81,Yes
2025-04-24 21:43:17,helmet,0.65,Yes
2025-04-24 21:43:19,head,0.90,Yes
2025-04-24 21:43:24,helmet,0.58,Yes
2025-04-24 21:43:48,helmet,0.94,Yes
2025-04-24 21:43:50,helmet,0.94,Yes
2025-04-24 21:43:52,helmet,0.93,Yes
2025-04-24 21:44:23,head,0.93,Yes
2025-04-24 21:44:25,head,0.90,Yes
2025-04-24 21:44:26,helmet,0.45,Yes
2025-04-24 21:44:29,helmet,0.67,Yes
2025-04-24 21:44:29,head,0.44,Yes
2025-04-24 21:44:31,head,0.85,Yes
2025-04-24 21:44:31,helmet,0.72,Yes
2025-04-24 21:44:33,head,0.77,Yes
2025-04-24 21:44:33,helmet,0.70,Yes
2025-04-24 21:44:43,head,0.74,Yes
2025-04-24 21:44:45,head,0.45,Yes
2025-04-24 21:44:48,head,0.58,Yes
2025-04-24 21:44:48,helmet,0.51,Yes
2025-04-24 21:44:50,helmet,0.88,Yes
2025-04-24 21:44:52,helmet,0.91,Yes
2025-04-24 21:44:54,helmet,0.90,Yes
2025-04-24 21:44:56,helmet,0.90,Yes
2025-04-24 21:44:59,helmet,0.92,Yes
2025-04-24 21:45:12,helmet,0.91,Yes
2025-04-25 22:20:57,helmet,0.41,Yes
2025-04-25 22:20:58,head,0.45,Yes
2025-04-25 22:21:00,head,0.74,Yes
2025-04-25 22:21:02,head,0.81,Yes
2025-04-25 22:21:03,helmet,0.43,Yes
2025-04-25 22:21:08,head,0.42,Yes
2025-04-25 22:21:18,head,0.42,Yes
2025-04-25 22:21:18,helmet,0.76,Yes
2025-04-25 22:21:20,head,0.42,Yes
2025-04-25 22:21:20,helmet,0.62,Yes
2025-04-25 22:21:22,head,0.50,Yes
2025-04-25 22:21:23,helmet,0.44,Yes
2025-04-25 22:21:26,helmet,0.75,Yes
2025-04-25 22:21:27,head,0.76,Yes
2025-04-25 22:21:28,helmet,0.61,Yes
2025-04-25 22:21:29,head,0.80,Yes
2025-04-25 22:21:32,head,0.80,Yes
2025-04-25 22:21:34,head,0.88,Yes
2025-04-25 22:21:36,head,0.67,Yes
2025-04-25 22:21:38,head,0.76,Yes
2025-04-25 22:21:40,head,0.87,Yes
2025-04-25 22:21:41,helmet,0.72,Yes
2025-04-25 22:21:42,head,0.88,Yes
2025-04-25 22:21:44,head,0.76,Yes
2025-04-25 22:21:46,head,0.73,Yes
2025-04-25 22:21:49,head,0.53,Yes
2025-04-25 22:22:04,head,0.55,Yes
2025-04-25 22:22:06,head,0.83,Yes
2025-04-25 22:22:08,head,0.69,Yes
2025-04-25 22:22:10,head,0.82,Yes
2025-04-25 22:22:15,head,0.79,Yes
2025-04-25 22:22:17,helmet,0.90,Yes
2025-04-25 22:22:18,head,0.92,Yes
2025-04-25 22:22:20,head,0.89,Yes
2025-04-25 22:22:22,head,0.86,Yes
2025-04-25 22:22:27,helmet,0.81,Yes
2025-04-25 22:22:31,helmet,0.71,Yes
